{"cameraMode":{"drawMode":0,"name":"Shaded","section":"Shading Mode"},"sceneLighting":false,"audioPlay":false,"sceneViewState":{"showFog":true,"showMaterialUpdate":false,"showSkybox":true,"showFlares":true,"showImageEffects":true,"showParticleSystems":true},"in2DMode":false,"pivot":{"x":10.18265151977539,"y":2.4682109355926515,"z":-5.335435390472412},"rotation":{"x":-0.0857803001999855,"y":0.6943735480308533,"z":-0.08394714444875717,"w":-0.7095351219177246},"size":3.030256748199463,"orthographic":false}