{"cameraMode":{"drawMode":0,"name":"Shaded","section":"Shading Mode"},"sceneLighting":false,"audioPlay":false,"sceneViewState":{"showFog":true,"showMaterialUpdate":false,"showSkybox":true,"showFlares":true,"showImageEffects":true,"showParticleSystems":true},"in2DMode":false,"pivot":{"x":-4.159153461456299,"y":-1.9907442331314088,"z":3.32357120513916},"rotation":{"x":-0.11647861450910568,"y":0.09726723283529282,"z":-0.011462877504527569,"w":-0.9883524179458618},"size":6.546531677246094,"orthographic":false}