{"cameraMode":{"drawMode":0,"name":"Shaded","section":"Shading Mode"},"sceneLighting":false,"audioPlay":false,"sceneViewState":{"showFog":true,"showMaterialUpdate":false,"showSkybox":true,"showFlares":true,"showImageEffects":true,"showParticleSystems":true},"in2DMode":false,"pivot":{"x":-0.9947205781936646,"y":0.3075477182865143,"z":-3.3082542419433595},"rotation":{"x":-0.08139389008283615,"y":0.6009118556976318,"z":-0.061696067452430728,"w":-0.7927632331848145},"size":30.654457092285158,"orthographic":false}