{"cameraMode":{"drawMode":0,"name":"Shaded","section":"Shading Mode"},"sceneLighting":false,"audioPlay":false,"sceneViewState":{"showFog":true,"showMaterialUpdate":false,"showSkybox":true,"showFlares":true,"showImageEffects":true,"showParticleSystems":true},"in2DMode":false,"pivot":{"x":-2.5311174392700197,"y":8.185725212097168,"z":-23.568546295166017},"rotation":{"x":-0.013785389252007008,"y":0.062053132802248,"z":-0.0008570539648644626,"w":-0.9979773163795471},"size":5.781811237335205,"orthographic":false}