{"cameraMode":{"drawMode":0,"name":"Shaded","section":"Shading Mode"},"sceneLighting":false,"audioPlay":false,"sceneViewState":{"showFog":true,"showMaterialUpdate":false,"showSkybox":true,"showFlares":true,"showImageEffects":true,"showParticleSystems":true},"in2DMode":false,"pivot":{"x":0.01587735116481781,"y":0.6491935849189758,"z":0.07430815696716309},"rotation":{"x":-0.11209394037723541,"y":0.09138274192810059,"z":-0.010352703742682934,"w":-0.989432692527771},"size":22.0,"orthographic":false}